Metric,Value
AUC,0.5249620509360768
AUPR,0.49986108760842357
Precision,0.5222929936305732
Recall,0.5324675324675324
F1_Score,0.5273311897106109
n_components,113.0
total_samples,308.0
