Metric,Value
AUC,0.6024953830908517
AUPR,0.5922923947838397
Precision,0.5714285714285714
Recall,0.5637583892617449
F1_Score,0.5675675675675675
n_components,110.0
