Metric,Value
AUC,0.48671334342560557
AUPR,0.49355067160375643
Precision,0.48507462686567165
Recall,0.47794117647058826
F1_Score,0.48148148148148145
n_components,143.0
