Metric,Value
AUC,0.44343371539792387
AUPR,0.45899474376102867
Precision,0.4674329501915709
Recall,0.4485294117647059
F1_Score,0.45778611632270166
